Keyword,Source,Seed
x账号购买,Google,x 账号
x账号,Google,x 账号
x账号,Bing,x 账号
x账号注册,Google,x 账号
x账号注册,Bing,x 账号
x账号被冻结怎么办,Google,x 账号
x账号被冻结,Google,x 账号
x账号如何注销,Google,x 账号
x账号被锁定,Google,x 账号
x账号被封,Google,x 账号
x账号被封,Bing,x 账号
x账号忘记用户名,Google,x 账号
x账号忘记用户名,Bing,x 账号
x账号申诉,Google,x 账号
x账号申诉,Bing,x 账号
x账号冻结,Google,x 账号
x账号冻结,Bing,x 账号
x账号被限制,Google,x 账号
x账号冻结申诉,Google,x 账号
x账号被封锁,Google,x 账号
x账号关联的用户名,Google,x 账号
x账号被冻结了怎么解冻,Google,x 账号
x账号被冻结了怎么解冻,Bing,x 账号
x账号被冻结了怎么申诉,Bing,x 账号
x账号注销,Google,x 账号
x账号注销,Bing,x 账号
x账号共享,Bing,x 账号
x账号找回,Google,x 账号
x账号找回,Bing,x 账号
x账号创建,Google,x 账号
x账号存在异常登录活动,Google,x 账号
x账号出售,Google,x 账号
x账号查询,Google,x 账号
x账号超过频率限制,Google,x 账号
x账号重置密码,Google,x 账号
x chaoxing com登录账号,Bing,x 账号
crosshair x steam账号,Bing,x 账号
x 账号 永久 冻结,Google,x 账号
x 账号 永远 处于 只 读 模式,Google,x 账号
x 账号 被 永久 冻结 怎么 注销,Google,x 账号
x 账号 被 永久 冻结 怎么 办,Google,x 账号
x 账号 验证,Google,x 账号
x 账号 认证,Google,x 账号
x 账号 怎么 改,Google,x 账号
x 账号 暂停,Google,x 账号
x账号永久只读,Google,x 账号
elon musk x 账号,Google,x 账号
elon musk x账号,Bing,x 账号
elasticsearch 7 x默认账号密码,Bing,x 账号
elasticsearch 8 x账号密码,Bing,x 账号
x账号关联的用户名是什么,Google,x 账号
x账号管理,Google,x 账号
x账号关联谷歌,Google,x 账号
x账号关联用户名,Google,x 账号
x 账号 购买 平台,Google,x 账号
shadowrocket账号购买,Google,x 账号
圈x共享账号购买,Google,x 账号
google账号登不上x,Bing,x 账号
grok关键x账号,Bing,x 账号
x账号被封怎么办,Google,x 账号
x账号被盗,Google,x 账号
x账号被暂停,Google,x 账号
x账号被冻结怎么申诉,Google,x 账号
x账号被冻结怎么注销,Google,x 账号
x账号被永久冻结,Google,x 账号
x账号被封禁,Google,x 账号
x 账号 被 冻结 申诉 怎么 写,Google,x 账号
x账号登录不了,Google,x 账号
x账号登录,Google,x 账号
x账号冻结申诉模板,Google,x 账号
x账号登录错误,Google,x 账号
x账号冻结怎么办,Google,x 账号
x账号的用户名,Google,x 账号
该账号已封禁,Google,x 账号
账号的所有权,Google,x 账号
账号 定义,Google,x 账号
oceanstor dorado v6系列6 . 1 x v700r001账号列表,Bing,x 账号
x账号分享,Google,x 账号
x账号封禁,Google,x 账号
x账号访问问题,Google,x 账号
x账号分析,Google,x 账号
x 账号 分析 工具,Google,x 账号
账号分享,Google,x 账号
facebook账号注册,Google,x 账号
x账号attestation denied,Google,x 账号
x 账号 安全,Google,x 账号
x 账号 怎么 改 名字,Google,x 账号
x 账号 能 改 吗,Google,x 账号
x 账号 被 改 邮箱,Google,x 账号
x 账号 your account is suspended,Google,x 账号
x 账号 可以 改 吗,Google,x 账号
营销服平台x app账号打通需求idaas统一身份认证平台,Bing,x 账号
textin开发者账号的x ti app id,Bing,x 账号
manus ai的官方x账号已被平台冻结,Bing,x 账号
x账号恢复,Google,x 账号
x 账号 被 冻结,Google,x 账号
x 账号 被 冻结 了 怎么 解冻,Google,x 账号
x 账号 被 封锁,Google,x 账号
x 账号 被 冻结 如何 注销,Google,x 账号
x 账号 被 永久 冻结,Google,x 账号
x 账号 被 冻结 怎么 注销,Google,x 账号
x 账号 包含 敏感 内容,Google,x 账号
x 账号 不 真实,Google,x 账号
虚拟账号注册,Google,x 账号
north x账号,Bing,x 账号
x账号可以注销吗,Google,x 账号
x账号限制,Google,x 账号
x账号解敏,Google,x 账号
x账号后面有个锁,Google,x 账号
x 账号 解冻,Google,x 账号
x 账号 解 封,Google,x 账号
x 账号 解锁,Google,x 账号
x 账号 管理,Google,x 账号
x 账号 交易,Google,x 账号
x 账号 可能 包含 敏感 内容,Google,x 账号
x 账号 限 流,Google,x 账号
x 账号 会员,Google,x 账号
x 账号 改名,Google,x 账号
x 账号 粉丝 购买,Google,x 账号
x 账号 格式,Google,x 账号
x账号密码,Google,x 账号
x账号名字忘了怎么办,Google,x 账号
x账号密码大全,Google,x 账号
x账号买卖,Google,x 账号
x账号敏感内容,Google,x 账号
x账号my moment,Google,x 账号
账号密码,Google,x 账号
manus官方x账号被冻结,Bing,x 账号
megarac sp x默认账号密码,Bing,x 账号
x mol怎么登录学校账号,Bing,x 账号
x mol账号,Bing,x 账号
manus回应官方x账号被冻结,Bing,x 账号
manus x账号,Bing,x 账号
manus x账号被封,Bing,x 账号
x 账号 修改,Google,x 账号
x 账号 修改 密码,Google,x 账号
x 修改 账号 名,Google,x 账号
x 多 账号,Google,x 账号
重置x账号,Google,x 账号
王志安 x 账号,Google,x 账号
欧盟 x 账号,Google,x 账号
王思聪 x 账号,Google,x 账号
该账号已被封禁,Google,x 账号
lump of sugar方糖社的官方x账号,Bing,x 账号
x账号ip,Google,x 账号
x 账号 如何 注销,Google,x 账号
x 账号 如何 解冻,Google,x 账号
x 账号 如何 注册,Google,x 账号
x 账号 如何 解 封,Google,x 账号
x 账号 id,Google,x 账号
x 账号 如何 找 回,Google,x 账号
x 账号 一直 被 封,Google,x 账号
x 账号 如何 退出,Google,x 账号
x 账号 如何 申诉,Google,x 账号
x 账号 id 查询,Google,x 账号
x 创建 账号 一直 转圈,Google,x 账号
x 官网 账号 登录 入口,Google,x 账号
x 注册 账号 官方 入口,Google,x 账号
x退出账号ip功能,Google,x 账号
i国网账号,Bing,x 账号
i国网账号注册,Bing,x 账号
i该账号封禁中,Bing,x 账号
i国网账号怎么注销,Bing,x 账号
i博导登录账号,Bing,x 账号
i志愿账号在哪里看,Bing,x 账号
i博导官网登录账号,Bing,x 账号
i博思智慧登录账号,Bing,x 账号
x账号loginerror,Google,x 账号
账号泄露,Google,x 账号
x legend账号注册,Bing,x 账号
x账号解冻,Google,x 账号
x账号解封,Google,x 账号
x账号解锁,Google,x 账号
x账号检测,Google,x 账号
x 账号 怎么 解冻,Google,x 账号
jisoo的x账号,Bing,x 账号
x账号批发,Google,x 账号
x 账号 超过 频率 限制,Google,x 账号
x 账号 被 锁,Google,x 账号
ps迅雷x会员账号,Bing,x 账号
x plane 12共享账号,Bing,x 账号
x plane 11账号,Bing,x 账号
x plane 11steam账号,Bing,x 账号
x plane12账号,Bing,x 账号
x账号如何解冻,Google,x 账号
x账号如何注册,Google,x 账号
x账号如何解封,Google,x 账号
x账号认证,Google,x 账号
x账号如何找回,Google,x 账号
x 账号 老 是 被 封,Google,x 账号
x 账号 老 是 被 冻结,Google,x 账号
x 账号 忘 了,Google,x 账号
x 账号 忘 了 用户 名,Google,x 账号
x 老 账号,Google,x 账号
x 账号 出错 了,Google,x 账号
x 账号 忘 了 怎么 办,Google,x 账号
x 账号 申诉 理由,Google,x 账号
quantumult x共享账号,Bing,x 账号
quantumult x账号,Bing,x 账号
quantumult x下载账号,Bing,x 账号
quantumult x账号共享,Bing,x 账号
quantumult x账号购买,Bing,x 账号
quantumult x共享账号2025,Bing,x 账号
quantumult x共享账号苹果,Bing,x 账号
ios quantumult x账号,Bing,x 账号
x 账号 推 特 账号 登录 的 时候 提示 loginerror attestationdeniedg,Google,x 账号
x 账号 注册,Google,x 账号
x 账号 注销,Google,x 账号
x 账号 注册 不了,Google,x 账号
x 账号 年龄,Google,x 账号
x 账号 登 不 上,Google,x 账号
x 账号 退出,Google,x 账号
x 账号 的 用户 名,Google,x 账号
x 账号 年龄 限制,Google,x 账号
x 账号 只 读 模式,Google,x 账号
x 账号 注册 教程,Google,x 账号
x 账号 年龄 认证,Google,x 账号
x 账号 只 读,Google,x 账号
x账号停用,Google,x 账号
telegram x注册账号,Bing,x 账号
telegram x账号,Bing,x 账号
telegram和telegram x账号通用吗,Bing,x 账号
telegram x和telegram账号互通吗,Bing,x 账号
telegram x注销账号,Bing,x 账号
telegram x怎么注销账号,Bing,x 账号
telegram和telegram x账号互通吗,Bing,x 账号
x 账号 上 锁,Google,x 账号
x 上 的 账号,Google,x 账号
x ui 默认 账号 密码,Google,x 账号
x ui 账号 密码,Google,x 账号
中国 海军 x 账号,Google,x 账号
梅 西 x 账号,Google,x 账号
u账号怎么注册,Google,x 账号
u账号,Google,x 账号
联动u谷账号,Bing,x 账号
u官网登录账号,Bing,x 账号
u号租游戏账号出租平台,Bing,x 账号
u模拟器官网账号,Bing,x 账号
u号租账号被冻结,Bing,x 账号
u酷视频官方账号,Bing,x 账号
u盟账号可以删除吗,Bing,x 账号
u next账号,Bing,x 账号
x账号申诉模板,Google,x 账号
x账号申请,Google,x 账号
x账号受限,Google,x 账号
x账号申诉文案,Google,x 账号
x账号搜索,Google,x 账号
x账号是什么,Google,x 账号
x账号删除,Google,x 账号
x账号锁定,Google,x 账号
x账号设置,Google,x 账号
x账号锁定申诉,Google,x 账号
x 账号所在地,Google,x 账号
x账号 suspend,Bing,x 账号
x账号被suspend,Bing,x 账号
x space富士影像共享空间官方账号,Bing,x 账号
蓝v账号是什么,Bing,x 账号
小v猫账号官方下载,Bing,x 账号
抖音蓝v账号如何更换运营人,Bing,x 账号
抖音账号蓝v认证流程,Bing,x 账号
qq账号加v,Bing,x 账号
抖音蓝v子账号怎么开通,Bing,x 账号
抖音蓝v可以绑定几个员工账号,Bing,x 账号
抖音蓝v主账号和垂直号的区别,Bing,x 账号
x账号无法登录,Google,x 账号
x账号为什么会被冻结,Google,x 账号
x账号忘记了,Google,x 账号
x账号忘记用户名怎么办,Google,x 账号
x账号无法注册,Google,x 账号
x账号忘记密码,Google,x 账号
新账号无法使用gemini,Google,x 账号
x 账号 无法 登陆,Google,x 账号
x 账号 无法 注销,Google,x 账号
x 账号 用户 名 忘记 了,Google,x 账号
x 账号 loginerror,Google,x 账号
这是什么意思我在自己的网站中嵌套x的页面吗是否需要有x账号或登录,Bing,x 账号
x输入与x账号关联的用户名来验证你的身份你的用户名以符号开头,Bing,x 账号
manus回应官方x账号被冻结正积极与x团队合作解决此事,Bing,x 账号
x账号异常,Google,x 账号
x账号已被冻结,Google,x 账号
x账号用户名忘记了,Google,x 账号
x账号异常登录,Google,x 账号
x账号用户名,Google,x 账号
x账号用户名忘记了怎么办,Google,x 账号
x账号异常活动,Google,x 账号
x账号已冻结,Google,x 账号
x账号异常怎么办,Google,x 账号
该帐号已被封禁,Google,x 账号
账号运营,Google,x 账号
中国海军在x和youtube开通官方账号,Bing,x 账号
x购买,Google,X 购买
x购买,Bing,X 购买
锌 购买,Google,X 购买
x 购买 粉丝,Google,X 购买
quantumult x 购买,Google,X 购买
cleanshot x 购买,Google,X 购买
cleanmymac x购买,Google,X 购买
圈 x 购买,Google,X 购买
ledger nano x 购买,Google,X 购买
xbox series x 购买,Google,X 购买
beyblade x 购买,Google,X 购买
spacia x 购买 教学,Google,X 购买
ally x 购买,Google,X 购买
dts x 购买,Google,X 购买
iphone x 购买,Google,X 购买
cygnus x 购买,Google,X 购买
新购买的压力容器其随机文件至少,Bing,X 购买
新购买的电脑怎么激活office,Bing,X 购买
新购买的书,Bing,X 购买
新购买的车,Bing,X 购买
新购买的家具,Bing,X 购买
新购买的房子,Bing,X 购买
新购买的手表,Bing,X 购买
新购买的耳机,Bing,X 购买
新购买的衣服,Bing,X 购买
新购买的鞋子,Bing,X 购买
新购买的手机,Bing,X 购买
xbox购买,Google,X 购买
购买xbox,Google,X 购买
购买圈x,Google,X 购买
购买xbox series x,Google,X 购买
买x宝,Google,X 购买
bbq004 x的购买渠道,Bing,X 购买
bbq655 x的购买渠道,Bing,X 购买
gk工坊x blacksad黑猫购买,Bing,X 购买
购买naruto x boruto火影忍者终极风暴羁绊终极数字版,Bing,X 购买
某动物饲养中心用x元专款购买小狗每只a元和小猫每只b元两种小动物,Bing,X 购买
x 购买,Google,X 购买
x 买 粉,Google,X 购买
x購買,Google,X 购买
chatgpt润色x的价格和购买方式,Bing,X 购买
cf点x的购买方式,Bing,X 购买
购买cleanmymac x,Bing,X 购买
c语言某超市商品打折促销假定购买某商品的数量为x件折扣情况如下,Bing,X 购买
x账号注册不了,Google,x 账号
x账号怎么注册,Google,x 账号
x账号总是被冻结,Google,x 账号
x账号怎么解冻,Google,x 账号
x账号怎么退出,Google,x 账号
x账号怎么解封,Google,x 账号
x账号注册教程,Google,x 账号
x账号状态查询,Google,x 账号
x账号怎么申诉,Google,x 账号
x账号注册入口,Google,x 账号
新账号注册,Google,x 账号
x 账号 自动 发 货,Google,x 账号
dts headphone x 购买,Google,X 购买
如何购买xdai,Google,X 购买
dnf旅人贴膜x的购买渠道,Bing,X 购买
x ray dog版权购买,Bing,X 购买
x premium 费用,Google,X 购买
技嘉z790 gaming x ax购买,Bing,X 购买
visual assist x购买,Bing,X 购买
rog ally x购买,Bing,X 购买
x-e5 购买,Google,X 购买
购买xmr,Google,X 购买
购买steep x games gold edition,Bing,X 购买
x 号 购买,Google,X 购买
x 老 号 购买,Google,X 购买
x 粉丝 号 购买,Google,X 购买
x 成品 号 购买,Google,X 购买
购买xgp,Google,X 购买
gateway网关x购买渠道,Bing,X 购买
在四部门经济中若投资i储蓄s政府购买g税收t出口x和进口m同时增加则均衡收入,Bing,X 购买
x gal购买,Bing,X 购买
购买ibond,Google,X 购买
如何购买ibond,Google,X 购买
卖iphone x,Google,X 购买
怎么买ibond,Google,X 购买
i茅台购买规则调整,Bing,X 购买
i生成器的购买,Bing,X 购买
dnase i购买,Bing,X 购买
普罗i型棱镜的购买,Bing,X 购买
这款i昂的购买渠道,Bing,X 购买
i国开电脑购买指南,Bing,X 购买
i gt cn购买,Bing,X 购买
巧格i plus购买,Bing,X 购买
圈x购买,Google,X 购买
xf运营商,Google,X 购买
mate x5和x fold3 pro二者谁更值得购买,Bing,X 购买
umc x fancoo yina的购买渠道,Bing,X 购买
magic v5和x fold5二者谁更值得购买,Bing,X 购买
mate x6和x fold5二者谁更值得购买,Bing,X 购买
x 账号 自助 购买 平台,Google,X 购买
x half 购买,Google,X 购买
x m5 fuji 购买,Google,X 购买
x 光 片 购买,Google,X 购买
x 光 机 购买,Google,X 购买
x 买 号,Google,X 购买
x 粉丝 账号 购买,Google,X 购买
x 会员 账号 购买,Google,X 购买
x com 账号 购买,Google,X 购买
keep手环x购买链接,Bing,X 购买
jyt x的购买,Bing,X 购买
购买luna,Google,X 购买
ledger nano x购买,Bing,X 购买
x m5 购买,Google,X 购买
x m5 日本 购买,Google,X 购买
lamzu maya x 购买,Google,X 购买
maya x 购买,Google,X 购买
mac新x购买指南,Bing,X 购买
model x购买指南,Bing,X 购买
maxhub无线传屏x购买渠道,Bing,X 购买
magicbook x 16 pro购买,Bing,X 购买
华为matebook x pro微绒典藏版购买,Bing,X 购买
富士x m5购买,Bing,X 购买
荣耀magicbook x 14 pro 2023购买,Bing,X 购买
如何购买nex,Google,X 购买
x premium 购买,Google,X 购买
x pac 布料 购买,Google,X 购买
x premium 怎么 开通,Google,X 购买
ploom x 购买,Google,X 购买
灵耀x双屏pro购买,Bing,X 购买
pet纤维x的购买注意事项,Bing,X 购买
steam购买x plane 11,Bing,X 购买
pdf x会员购买,Bing,X 购买
买xo,Google,X 购买
steam购买xbox one x,Bing,X 购买
xm券商,Google,X 购买
quantumult x购买,Bing,X 购买
quantumult x共享账号购买,Bing,X 购买
quantumult x节点购买,Bing,X 购买
期末班长小q决定将剩余班费x元钱用于购买若干支钢笔进行奖励,Bing,X 购买
x 流量 购买,Google,X 购买
rog azoth x 购买,Google,X 购买
rog ally x 购买,Google,X 购买
如何购买xrp,Google,X 购买
rog幻x键盘购买,Bing,X 购买
x town st250 购买,Google,X 购买
stock x 购买,Google,X 购买
sas硬盘x购买,Bing,X 购买
stm32芯片x购买,Bing,X 购买
sw零件x的购买渠道,Bing,X 购买
航嘉s960暴风雪x购买,Bing,X 购买
san x购买,Bing,X 购买
steam购买xbox series x,Bing,X 购买
x twitter 账号 购买,Google,X 购买
购买trx,Google,X 购买
怎么购买trx,Google,X 购买
如何购买trx,Google,X 购买
triton x 100购买,Bing,X 购买
taqman探针x的购买,Bing,X 购买
thinkbook 16p 2023 x购买,Bing,X 购买
telegram x账号购买,Bing,X 购买
terrasar x数据购买,Bing,X 购买
thinkpad x系列购买指南,Bing,X 购买
购买u,Google,X 购买
怎么买u,Google,X 购买
如何买u,Google,X 购买
如何购买u,Google,X 购买
u盘购买,Bing,X 购买
u盘购买推荐,Bing,X 购买
u盘样机购买,Bing,X 购买
u盘购买指南,Bing,X 购买
购买u盘推荐,Bing,X 购买
slc u盘购买指南,Bing,X 购买
电脑店u盘启动盘购买,Bing,X 购买
小米双接口u盘购买渠道,Bing,X 购买
七日世界v服购买,Bing,X 购买
抖音蓝v号购买,Bing,X 购买
港v购买,Bing,X 购买
抖音蓝v购买,Bing,X 购买
v球好处和购买渠道,Bing,X 购买
没事v产品的购买渠道,Bing,X 购买
lgwing v版购买,Bing,X 购买
没事v产品40的购买渠道,Bing,X 购买
买x享y,Google,X 购买
消费者购买多少x商品与多少y商品可以实现消费者均衡为什么,Bing,X 购买
winrar离购买许可只剩x天是啥意思,Bing,X 购买
现在有机器0元购买活动咨询加客服wei x下单还是在淘宝哦,Bing,X 购买
xbox x 购买,Google,X 购买
line x 购买,Google,X 购买
旷世x和极光x哪个更值得购买,Bing,X 购买
x射线衍射仪的x射线管购买,Bing,X 购买
x注册,Google,X 注册
x注册不了,Google,X 注册
x注册账号,Google,X 注册
x注册报错,Google,X 注册
x注册一直转圈,Google,X 注册
x注册一直转圈,Bing,X 注册
x注册失败,Google,X 注册
x注册教程,Google,X 注册
x注册不了账号,Google,X 注册
x注册邮箱,Google,X 注册
x注册账号官方入口,Google,X 注册
x注册跳过手机号,Google,X 注册
新注册的谷歌账号无法使用gemini,Google,X 注册
新注册gmail,Google,X 注册
新注册的google账号无法使用gemini,Google,X 注册
新注册的line加不了好友,Google,X 注册
x注册错误,Bing,X 注册
新注册公司税务登记流程,Bing,X 注册
x注册账号显示出错了,Bing,X 注册
新注册的qq多久可以换绑手机号,Bing,X 注册
新注册的公司怎么登陆电子税务局,Bing,X 注册
新注册的微信号怎么养号不容易封,Bing,X 注册
新注册公司流程,Bing,X 注册
新注册公司怎么登录电子税务局,Bing,X 注册
新注册的公司怎么开通税务,Bing,X 注册
新注册的qq多久可以二次实名,Bing,X 注册
新注册的公司多久能在网上查到,Bing,X 注册
新注册apple id,Google,X 注册
x 注册 验证,Google,X 注册
x 注册,Google,X 注册
x 注册 流程,Google,X 注册
x app怎么注册,Bing,X 注册
adobe acrobat x注册码,Bing,X 注册
adobe acrobat x pro注册机,Bing,X 注册
visual assist x注册码,Bing,X 注册
acrobat x pro注册机,Bing,X 注册
x ai注册,Bing,X 注册
aion2 x purple注册,Bing,X 注册
visual assist x注册机,Bing,X 注册
x注册出错,Google,X 注册
x注册出错了请稍后再试,Google,X 注册
x-ui 证书,Google,X 注册
如何注册虚拟信用卡,Google,X 注册
注册 xbox,Google,X 注册
cargo x注册,Bing,X 注册
cargo x怎么注册,Bing,X 注册
caxa破解版x注册机,Bing,X 注册
beyond compare keygen 5 x通用注册机,Bing,X 注册
cad x force注册机,Bing,X 注册
cargo x注册费用,Bing,X 注册
cad2020注册机x force,Bing,X 注册
cad2019注册机x force,Bing,X 注册
x 注册 没 反应,Google,X 注册
x 注册 秒 封,Google,X 注册
x 网页 版 注册,Google,X 注册
x 网页 版 注册 入口,Google,X 注册
x 没 法 注册,Google,X 注册
国防 部 注册 x,Google,X 注册
beyond compare keygen 4 x通用注册机,Bing,X 注册
beyond compare 5 x注册机,Bing,X 注册
beyond compare keygen 4 x通用注册机exe,Bing,X 注册
博科bsc 1500iib2 x注册证,Bing,X 注册
beyond compare 4 x激活密钥和注册机,Bing,X 注册
bandizip v7 x path注册机,Bing,X 注册
beyond compare keygen 4 x通用注册机怎么用,Bing,X 注册
edius x注册机,Bing,X 注册
s e x 169luntan第一会所关闭注册,Bing,X 注册
edius x序列号注册机,Bing,X 注册
edius x注册机10 . 34,Bing,X 注册
spyder x elite注册码,Bing,X 注册
edius x 10 . 34 . 9631注册机,Bing,X 注册
aurora 2 x keygen exe注册失败,Bing,X 注册
新注册的科创成长层企业上市后 被调出科创成长层需满足,Google,X 注册
新注册的tiktok不能关注,Google,X 注册
新注册的微信怎么养,Google,X 注册
新注册的whatsapp怎么养,Google,X 注册
新注册的line为什么加不了好友,Google,X 注册
x注册登录,Google,X 注册
geomagic design x 2024注册机,Bing,X 注册
x dll注册,Bing,X 注册
design x 2022 . 0注册机,Bing,X 注册
design x注册机,Bing,X 注册
delicious retouch x ai pro注册机,Bing,X 注册
geomagic design x 2020注册机,Bing,X 注册
geomagic design x注册机,Bing,X 注册
dr eye译典通x多语言中文破解注册版,Bing,X 注册
x注册 发生错误,Google,X 注册
x force注册机,Bing,X 注册
x force注册机下载,Bing,X 注册
x force注册机使用方法,Bing,X 注册
x force注册机官网,Bing,X 注册
注册机x force,Bing,X 注册
x force2018注册机下载,Bing,X 注册
x force注册机2014,Bing,X 注册
x force注册机2018,Bing,X 注册
先注册后摆酒,Google,X 注册
x 注册 不了,Google,X 注册
x 注册 不了 账号,Google,X 注册
x 注册 方法,Google,X 注册
x 注册 人 机 验证,Google,X 注册
x 注册 不了 怎么 办,Google,X 注册
x 注册 不 上,Google,X 注册
x 注册 不 成功,Google,X 注册
x 平台 注册,Google,X 注册
x 注册 有些 不对劲,Google,X 注册
x 不 注册 怎么 看,Google,X 注册
x 注册 收 不 到 验证 码,Google,X 注册
x 刚 注册 就 被 冻结,Google,X 注册
为什么 x 注册 不了,Google,X 注册
ploom x 注册 保固,Google,X 注册
https www ilab x com注册查找实验名称进入实验,Bing,X 注册
新注册谷歌账号,Google,X 注册
新注册谷歌邮箱,Google,X 注册
x注册官网,Google,X 注册
x 注册 手机 号,Google,X 注册
x 无法 注册 手机 号,Google,X 注册
x 号 注册,Google,X 注册
giffgaff 无法 注册 x,Google,X 注册
google 账号 注册 x,Google,X 注册
google voice 注册 x,Google,X 注册
注册xgp,Google,X 注册
student glcz x注册,Bing,X 注册
x 注册 一直 转圈,Google,X 注册
x 注册 一直 卡 在 人 机 验证 怎么 办,Google,X 注册
x 注册 入口,Google,X 注册
x 注册 时 如何 验证 86 手机 号,Google,X 注册
x 注册 账号 一直 转圈,Google,X 注册
x-ui证书签发失败,Google,X 注册
如何注册ins,Google,X 注册
如何注册ins账号,Google,X 注册
怎么注册ins,Google,X 注册
i国网注册,Bing,X 注册
注册表i,Bing,X 注册
注册i表编辑器,Bing,X 注册
i志愿注册流程,Bing,X 注册
i国网怎么注册,Bing,X 注册
i chaoxingcom注册,Bing,X 注册
注册会计师i,Bing,X 注册
x注册界面,Google,X 注册
注册 激活,Google,X 注册
x 注册 教程,Google,X 注册
x 注册 官网,Google,X 注册
x 注册 界面,Google,X 注册
x com 注册,Google,X 注册
x com 邮箱 注册,Google,X 注册
x com 无法 注册,Google,X 注册
telegram x 注册 教程,Google,X 注册
ploom x 注册 教学,Google,X 注册
cargo x 注册,Google,X 注册
cargo x 注册 流程,Google,X 注册
国内 怎么 注册 x,Google,X 注册
可以 注册 x 的 邮箱,Google,X 注册
outlook可以注册x吗,Google,X 注册
outlook可以注册x吗,Bing,X 注册
keil5破解版x注册,Bing,X 注册
k3cloud9 x注册机,Bing,X 注册
x force keygen注册机,Bing,X 注册
k3cloud9 x注册机v2 7,Bing,X 注册
k3cloud 8 x注册机v2 6,Bing,X 注册
x注册流程,Google,X 注册
新注册line,Google,X 注册
x-ui 中转,Google,X 注册
netsarang product 8 x注册机patches,Bing,X 注册
navicat 15 x注册机,Bing,X 注册
n x模式注册,Bing,X 注册
是否以n x模式注册,Bing,X 注册
navicat premium 12 . 1 x注册机,Bing,X 注册
x注册密码,Google,X 注册
x注册秒封,Google,X 注册
x 免 注册,Google,X 注册
x 注册 使用 者 名称,Google,X 注册
xmail注册,Google,X 注册
x mol学术平台注册,Bing,X 注册
mathtype公式编辑器x注册码,Bing,X 注册
x mail注册,Bing,X 注册
x mol如何注册,Bing,X 注册
x mol注册,Bing,X 注册
x mol怎么注册,Bing,X 注册
x max禁止新用户注册,Bing,X 注册
x 注册 收 不 到 邮件,Google,X 注册
x 注册 邮箱 收 不 到 验证 码,Google,X 注册
outlook 注册 x,Google,X 注册
outlook 邮箱 注册 x,Google,X 注册
ocx注册流程,Google,X 注册
注册ocx,Google,X 注册
注册okx,Google,X 注册
如何注册ozon,Google,X 注册
x plane org注册不了,Bing,X 注册
x plane org无法注册,Bing,X 注册
qq 邮箱 注册 x,Google,X 注册
qq邮箱能注册x吗,Bing,X 注册
qq邮箱可以注册x吗,Bing,X 注册
qq邮箱不能注册x,Bing,X 注册
proton 注册 x,Google,X 注册
ploom x 注册,Google,X 注册
ploom x 注册 台湾,Google,X 注册
网 上 注册 x premium,Google,X 注册
photoscape x官网注册码,Bing,X 注册
acrobat x pro注册机下载,Bing,X 注册
samplitude pro x注册机,Bing,X 注册
x pubg fit怎么注册,Bing,X 注册
x 注册 出错 了 请 稍 后 再 试,Google,X 注册
注册 x 出错 了,Google,X 注册
苹果 账号 注册 x,Google,X 注册
如何注册微软账号,Google,X 注册
wise registry cleaner x注册码,Bing,X 注册
realvnc 7 x注册码,Bing,X 注册
x注册手机号,Google,X 注册
x 注册 新 账号,Google,X 注册
x 注册 白 屏,Google,X 注册
x 注册 姓名,Google,X 注册
x 注册 信箱,Google,X 注册
x 无法 注册 新 用户,Google,X 注册
x 下载 注册,Google,X 注册
x 账号 注册 失败,Google,X 注册
x 注册 闪 退,Google,X 注册
x 无法 注册 新 账号,Google,X 注册
新 注册 送100 现金,Google,X 注册
securecrt v8 x注册机,Bing,X 注册
source insight 4 x注册码,Bing,X 注册
securefx v8 x注册机,Bing,X 注册
securecrt v8 x注册机安装,Bing,X 注册
securecrt v9 x注册机,Bing,X 注册
securecrt 9 x注册机,Bing,X 注册
新注册体验金娱乐城,Google,X 注册
新注册体验金娱乐城香港,Google,X 注册
x 注册 机,Google,X 注册
x 注册 年龄,Google,X 注册
x 注册 地址,Google,X 注册
x 推 特 注册,Google,X 注册
x 的 网站 注册,Google,X 注册
x 的 注册,Google,X 注册
x 手机 注册,Google,X 注册
zstack 4 x 注册 机,Google,X 注册
telegram x 注册,Google,X 注册
telegram x注册,Bing,X 注册
telegram x注册收不到短信,Bing,X 注册
telegram x注册流程,Bing,X 注册
telegram x怎么注册,Bing,X 注册
telegram x如何注册,Bing,X 注册
telegram x注册教程,Bing,X 注册
telegram x注册方法,Bing,X 注册
visual assist x 注册 码,Google,X 注册
synthesizer v注册码,Bing,X 注册
hyper v就地注册虚拟机还原虚拟机,Bing,X 注册
grand theft auto v注册不了,Bing,X 注册
hyper v注册表,Bing,X 注册
zstack 4 x注册机v1 6,Bing,X 注册
新注册x,Google,X 注册
enigma 5 x 6 . 80 x过注册并打补丁,Bing,X 注册
enigma 5 x 6 80 x过注册并打补丁,Bing,X 注册
u8 v15 x 16 x注册维护工具v2 2,Bing,X 注册
x-ui安装,Google,X 注册
x-ui 搭建,Google,X 注册
serv u注册机,Bing,X 注册
全能u盘修复工具注册码,Bing,X 注册
u盘杀毒专家注册码,Bing,X 注册
注册表禁用u盘,Bing,X 注册
u卡注册,Bing,X 注册
u next注册,Bing,X 注册
u钱包怎么注册,Bing,X 注册
注册u盘,Bing,X 注册
x注册we were unable to confirm you're human. please try again,Google,X 注册
x注册网页版,Google,X 注册
x注册网页,Google,X 注册
x注册网址,Google,X 注册
无限注册微信,Google,X 注册
如何注册微信小号,Google,X 注册
注册wx,Google,X 注册
虚拟号注册微信,Google,X 注册
win x注册表,Bing,X 注册
winlicense3 x过注册,Bing,X 注册
x注册转圈,Google,X 注册
x注册账号一直转圈,Google,X 注册
x 注册 需要 手机 号 吗,Google,X 注册
x 注册 需要 什么,Google,X 注册
x 在线 注册,Google,X 注册
x 注销 重新 注册,Google,X 注册
x 重新 注册,Google,X 注册
x 自动 注册,Google,X 注册
x 注册 卡 住,Google,X 注册
迅雷 x 注册,Google,X 注册
怎么 重新 注册 x,Google,X 注册
beyond compare keygen 4 x通用注册机zip,Bing,X 注册
zai x怎么注册,Bing,X 注册
zstack 4 x注册机v1 3,Bing,X 注册
x注册有些不对劲,Google,X 注册
新注册邮件会员专享 5 off 优惠券【线上预订专享】,Google,X 注册
新注册邮箱,Google,X 注册
x 注册 用户 名,Google,X 注册
x 注册 用户 名 失败,Google,X 注册
x 注册 用 什么 邮箱,Google,X 注册
x 注册 用户 名 错误 请 重 试,Google,X 注册
x 注册 用户,Google,X 注册
x 注册 要 钱 吗,Google,X 注册
x 注册 账号 有些 不对劲,Google,X 注册
x 注册 显示 有些 不对劲,Google,X 注册
x 要 怎么 注册,Google,X 注册
推特账号购买,Google,推特 账号
推特账号,Google,推特 账号
推特账号,Bing,推特 账号
推特账号注册,Google,推特 账号
推特账号注册,Bing,推特 账号
推特账号被冻结,Google,推特 账号
推特账号被永久冻结怎么办,Google,推特 账号
推特账号被永久冻结怎么办,Bing,推特 账号
推特账号被冻结怎么申诉,Google,推特 账号
推特账号被冻结怎么申诉,Bing,推特 账号
推特账号购买平台,Google,推特 账号
推特账号购买平台,Bing,推特 账号
推特账号被封锁,Google,推特 账号
推特账号被封锁,Bing,推特 账号
推特账号购买2元,Google,推特 账号
推特账号购买2元,Bing,推特 账号
推特账号分享,Google,推特 账号
推特账号分享,Bing,推特 账号
推特账号被冻结申诉怎么写,Google,推特 账号
推特账号被冻结申诉怎么写,Bing,推特 账号
推特账号申诉,Google,推特 账号
推特账号申诉,Bing,推特 账号
推特账号被冻结如何解冻,Google,推特 账号
推特账号被冻结如何解冻,Bing,推特 账号
推特账号注销,Google,推特 账号
推特账号注销,Bing,推特 账号
推特账号购买批发,Google,推特 账号
推特账号怎么注册,Google,推特 账号
推特账号怎么注册,Bing,推特 账号
推特账号共享,Google,推特 账号
推特账号共享,Bing,推特 账号
推特账号冻结,Google,推特 账号
推特账号冻结,Bing,推特 账号
推特账号批发,Bing,推特 账号
推特账号被封,Google,推特 账号
推特账号被封,Bing,推特 账号
推特账号怎么注销,Google,推特 账号
推特账号怎么注销,Bing,推特 账号
推特账号忘记用户名怎么办,Bing,推特 账号
推特账号找回,Google,推特 账号
推特账号找回,Bing,推特 账号
推特账号安全,Bing,推特 账号
推特账号被冻结怎么办,Google,推特 账号
推特账号被冻结怎么注销,Google,推特 账号
推特账号被冻结怎么注销,Bing,推特 账号
推特账号被锁定怎么办,Google,推特 账号
推特账号被停用,Google,推特 账号
推特账号被盗,Google,推特 账号
推特账号被限制,Google,推特 账号
推特账号被封了,Google,推特 账号
推特账号被永久冻结,Google,推特 账号
推特账号被锁定如何解锁,Bing,推特 账号
推特账号被暂停,Bing,推特 账号
推特账号被冻结了怎么解冻,Bing,推特 账号
推特账号被冻结如何解冻申诉,Bing,推特 账号
推特账号被暂停怎么恢复,Bing,推特 账号
推特账号存在异常登录活动,Google,推特 账号
推特账号存在异常登录活动,Bing,推特 账号
推特账号创建,Google,推特 账号
推特账号创建,Bing,推特 账号
推特账号查询,Google,推特 账号
推特账号查询,Bing,推特 账号
推特账号存在异常,Google,推特 账号
推特账号异常,Google,推特 账号
推特账号存在异常登录活动怎么办,Bing,推特 账号
推特账号出售,Bing,推特 账号
推特账号查找,Bing,推特 账号
推特账号长期不用会注销吗,Bing,推特 账号
推特账号查看,Bing,推特 账号
推特账号出错了,Bing,推特 账号
推特账号出售价格,Bing,推特 账号
推特账号长时间不登录,Bing,推特 账号
推特账号超过频率限制,Bing,推特 账号
推特账号冻结申诉,Google,推特 账号
推特账号登录不上,Google,推特 账号
推特账号登录,Google,推特 账号
推特账号登录,Bing,推特 账号
推特账号登录异常,Google,推特 账号
推特账号登录异常,Bing,推特 账号
推特账号冻结了要怎么解冻,Google,推特 账号
推特账号冻结了要怎么解冻,Bing,推特 账号
推特账号冻结申诉模板,Google,推特 账号
推特账号冻结申诉范文,Google,推特 账号
推特账号冻结申诉范文,Bing,推特 账号
推特账号冻结怎么办,Google,推特 账号
推特账号登录失败,Google,推特 账号
推特账号登录不上怎么回事,Google,推特 账号
推特账号登录不上怎么回事,Bing,推特 账号
推特账号大全,Bing,推特 账号
推特账号冻结解封教程,Bing,推特 账号
推特账号登录错误,Bing,推特 账号
推特账号登不上,Bing,推特 账号
推特账号冻结怎么停用,Bing,推特 账号
推特账号的用户名是什么,Bing,推特 账号
推特账号运营,Google,推特 账号
推特账号永久冻结,Google,推特 账号
推特账号分析,Google,推特 账号
推特账号分析,Bing,推特 账号
推特账号解冻,Google,推特 账号
推特账号解冻,Bing,推特 账号
推特账号分享2025,Bing,推特 账号
推特账号fxhmrw是谁,Bing,推特 账号
推特账号封禁,Bing,推特 账号
推特账号分析平台,Bing,推特 账号
推特账号封锁,Bing,推特 账号
推特账号回收,Google,推特 账号
推特账号回收,Bing,推特 账号
推 特 账号 后缀,Google,推特 账号
推 特 号 找 回,Google,推特 账号
推特账号恢复,Bing,推特 账号
推特账号会自动注销吗,Bing,推特 账号
推特账号和谷歌账号通用吗,Bing,推特 账号
推特账号后缀,Bing,推特 账号
推特账号手机验证,Google,推特 账号
推特账号id,Bing,推特 账号
推特账号id忘记了,Bing,推特 账号
推特账号购买微信,Google,推特 账号
推特账号购买粉丝,Google,推特 账号
推 特 账号 购买 稳定,Google,推特 账号
推特账号购买自助下单,Bing,推特 账号
推特账号购买交易平台,Bing,推特 账号
推特账号购买1元,Bing,推特 账号
推特账号 购买,Bing,推特 账号
推特账号购买dog,Bing,推特 账号
推特账号共享最新,Bing,推特 账号
推特账号购买网站,Bing,推特 账号
推特账号格式,Bing,推特 账号
推特账号购买dagou,Bing,推特 账号
推特账号解封,Google,推特 账号
推特账号解封,Bing,推特 账号
推特账号检测,Google,推特 账号
推特账号检测,Bing,推特 账号
推特账号交易平台,Google,推特 账号
推特账号解冻申诉,Google,推特 账号
推特账号交易,Google,推特 账号
推特账号交易,Bing,推特 账号
推特账号监控,Google,推特 账号
推特账号如何解封,Google,推特 账号
推特账号如何解封,Bing,推特 账号
推特账号忘记密码,Google,推特 账号
推 特 账号 借用,Google,推特 账号
推特账号激活,Bing,推特 账号
推特账号解冻申诉怎么写,Bing,推特 账号
推特账号解封申诉,Bing,推特 账号
推特账号记不得用户名,Bing,推特 账号
推特账号解禁,Bing,推特 账号
推特账号借用,Bing,推特 账号
推特账号解冻教程,Bing,推特 账号
推特账号解冻申诉英文,Bing,推特 账号
推特账号免费,Google,推特 账号
推特账号免费,Bing,推特 账号
推特账号密码,Google,推特 账号
推特账号密码,Bing,推特 账号
推特账号密码共享,Google,推特 账号
推特账号密码大全,Google,推特 账号
推特账号密码大全,Bing,推特 账号
推特账号没了,Google,推特 账号
推特账号名字忘了,Google,推特 账号
推特账号密码忘记了,Google,推特 账号
推特账号名忘记了,Google,推特 账号
推特账号名忘记了,Bing,推特 账号
推特账号名字忘了怎么找回,Bing,推特 账号
推特账号无法登录,Bing,推特 账号
推特账号密码格式,Bing,推特 账号
推特账号免费共享,Bing,推特 账号
推特账号莫名其妙被冻结怎么解冻,Bing,推特 账号
推特账号免费使用,Bing,推特 账号
推特账号无法注册,Google,推特 账号
推特账号无法注册,Bing,推特 账号
推特账号密码忘了,Bing,推特 账号
推特账号历史,Google,推特 账号
推特账号老是被封,Google,推特 账号
推特账号老是被封,Bing,推特 账号
推特账号临时标签怎么解除,Bing,推特 账号
推特账号老是被冻结,Bing,推特 账号
推特账号连坐,Bing,推特 账号
推特账号老被封,Bing,推特 账号
推特账号老是被锁,Bing,推特 账号
推特账号链接在哪,Bing,推特 账号
推特账号可以改吗,Google,推特 账号
推特账号可以改吗,Bing,推特 账号
推特账号可以注销吗,Bing,推特 账号
推特账号可疑,Bing,推特 账号
推特账号卡盟,Bing,推特 账号
推特账号可以登录几个设备,Bing,推特 账号
推特账号可能包含敏感内容,Bing,推特 账号
推特账号可以用什么邮箱注册,Bing,推特 账号
推 特 账号 哪里 买,Google,推特 账号
推特账号忘记了,Google,推特 账号
推特账号如何注销,Google,推特 账号
推特账号如何注销,Bing,推特 账号
推特账号哪里买,Bing,推特 账号
推特账号能改吗,Bing,推特 账号
推特账号能注销吗,Bing,推特 账号
推特账号能用中国手机号注册吗,Bing,推特 账号
推特账号旁边有个锁是什么意思,Bing,推特 账号
推特账号批发twitter888,Bing,推特 账号
特朗普推特账号,Bing,推特 账号
马斯克推特账号,Bing,推特 账号
推特账号如何解冻,Google,推特 账号
推特账号如何解冻,Bing,推特 账号
推特账号如何注册,Google,推特 账号
推特账号如何注册,Bing,推特 账号
推特账号如何找回,Bing,推特 账号
推特账号认证,Bing,推特 账号
推特账号如何申诉,Bing,推特 账号
推特账号容易被封,Bing,推特 账号
推特账号停用,Google,推特 账号
推特账号停用,Bing,推特 账号
推特账号推荐,Bing,推特 账号
推特账号停用后可以重新注册吗,Bing,推特 账号
推特账号token,Bing,推特 账号
推特账号停用后多久注销,Bing,推特 账号
推特账号推荐关注,Bing,推特 账号
推特账号停用怎么恢复,Bing,推特 账号
推特账号脱敏,Bing,推特 账号
推特账号停用不了,Bing,推特 账号
推特账号停用申诉,Bing,推特 账号
推特账号突然消失,Bing,推特 账号
推特账号突然登不上,Bing,推特 账号
推特账号申诉模板,Google,推特 账号
推特账号申诉模板,Bing,推特 账号
推特账号所在地,Google,推特 账号
推特账号所在地,Bing,推特 账号
推特账号申请,Google,推特 账号
推特账号申请,Bing,推特 账号
推特账号搜索,Google,推特 账号
推特账号搜索,Bing,推特 账号
推特账号受限,Google,推特 账号
推特账号受限,Bing,推特 账号
推特账号搜索不到,Google,推特 账号
推特账号手机注册,Google,推特 账号
推 特 账号 设置,Google,推特 账号
推特账号suspended,Bing,推特 账号
推特账号申诉小作文,Bing,推特 账号
推特账号售卖,Bing,推特 账号
推特账号手机号码验证不了,Bing,推特 账号
推特账号锁定,Bing,推特 账号
推特账号是什么,Bing,推特 账号
推特用户名忘了,Google,推特 账号
推特用户名忘记,Google,推特 账号
推特账号异常活动,Google,推特 账号
推特账号异常活动,Bing,推特 账号
推特账号用户名忘了,Google,推特 账号
推特账号有个锁,Google,推特 账号
推特账号异常登录,Google,推特 账号
推特账号异常登陆,Google,推特 账号
推特账号养号,Google,推特 账号
推特账号验证,Google,推特 账号
推特账号验证,Bing,推特 账号
推特账号异常输入手机号一直错误,Bing,推特 账号
推特账号异常登录活动,Bing,推特 账号
推特账号用户名,Bing,推特 账号
推特账号用户名忘记了,Bing,推特 账号
推特账号用户名忘了怎么办,Bing,推特 账号
推特账号邮箱,Bing,推特 账号
推特账号永远处于只读模式,Bing,推特 账号
推特账号已被冻结,Bing,推特 账号
推特账号邮箱怎么查看,Bing,推特 账号
推特账号异常登录要验证手机,Bing,推特 账号
推 特 账号 忘 了,Google,推特 账号
推 特 账号 认证,Google,推特 账号
推特账号无法登陆,Google,推特 账号
推特账号无法登陆,Bing,推特 账号
推特账号忘记用户名,Google,推特 账号
推特账号忘记,Google,推特 账号
推特账号忘记了怎么办,Google,推特 账号
推特账号忘记了怎么办,Bing,推特 账号
推特账号为什么会被冻结,Google,推特 账号
推特账号无法停用,Google,推特 账号
推 特 账号 无法 关注,Google,推特 账号
推 特 忘记 账号 密码,Google,推特 账号
推特账号忘了用户名怎么办,Bing,推特 账号
推特账号忘记密码和用户名,Bing,推特 账号
推特账号违反了x规则怎么申诉,Bing,推特 账号
推特账号忘记了用户名,Bing,推特 账号
推特账号忘记密码怎么办,Bing,推特 账号
推特账号限流,Google,推特 账号
推特账号手机号,Google,推特 账号
推特账号下载,Bing,推特 账号
推特账号限制,Bing,推特 账号
推特账号解除冻结,Bing,推特 账号
推特账号解除敏感,Bing,推特 账号
推特账号解冻要多久,Bing,推特 账号
推特账号注册教程,Google,推特 账号
推特账号注册教程,Bing,推特 账号
推特账号怎么退出,Google,推特 账号
推特账号注册不了,Google,推特 账号
推特账号注册不了,Bing,推特 账号
推特账号怎么解封,Google,推特 账号
推特账号怎么解冻,Google,推特 账号
推特账号状态查询,Google,推特 账号
推特账号怎么申诉,Google,推特 账号
推特账号注册失败,Google,推特 账号
推特账号怎么养,Google,推特 账号
推特账号怎么找回,Bing,推特 账号
推特账号自动发货,Bing,推特 账号
推特账号注册出错,Bing,推特 账号
推特账号注册网站,Bing,推特 账号
推特购买,Google,推特 购买
推特购买,Bing,推特 购买
推特购买账号,Google,推特 购买
推特购买账号,Bing,推特 购买
推特号购买,Google,推特 购买
推特号购买,Bing,推特 购买
推 特 购买 蓝 v,Google,推特 购买
推 特 购物,Google,推特 购买
推特购买平台,Bing,推特 购买
推特账户购买,Bing,推特 购买
购买推特账号,Google,推特 购买
购买推特账号,Bing,推特 购买
推特粉丝购买,Bing,推特 购买
twitter购买,Google,推特 购买
推特购买粉丝,Google,推特 购买
推特买粉,Google,推特 购买
推特买号,Google,推特 购买
推特id购买,Bing,推特 购买
推特、ins、facebook,Bing,推特 购买
facebook、ins、推特,Bing,推特 购买
购买推特,Google,推特 购买
推特 you are rate limited,Bing,推特 购买
推特 unsupported phone number,Bing,推特 购买
推特收购,Google,推特 购买
推特蓝v认证购买,Bing,推特 购买
推特蓝v购买,Bing,推特 购买
推特蓝v账号购买,Bing,推特 购买
x网页版,Google,X
xmind,Google,X
xmind,Bing,X
x下载安卓,Google,X
x下载apk,Google,X
xshell,Google,X
xshell,Bing,X
x最新安装包,Google,X
x apk,Google,X
x apk,Bing,X
xcode,Google,X
xcode,Bing,X
学习通,Google,X
学习通,Bing,X
小红书,Google,X
小红书,Bing,X
学习通网页版,Google,X
学习通网页版,Bing,X
学信网,Google,X
学信网,Bing,X
学科网,Google,X
学科网,Bing,X
秀米,Google,X
秀米,Bing,X
向日葵,Google,X
向日葵,Bing,X
小红书网页版,Google,X
小红书网页版,Bing,X
迅雷,Google,X
迅雷,Bing,X
学习通登录入口网页版,Bing,X
x安卓安装包,Google,X
x安装包,Google,X
x安卓,Google,X
x安装,Google,X
x app下载,Google,X
x app 安卓,Google,X
x apk 安装 包,Google,X
x 安卓 安装 包 下载,Google,X
西安,Google,X
西安事变,Google,X
笑傲江湖,Google,X
新奥尔良,Google,X
锡安教会,Google,X
西安交通大学,Bing,X
西安理工大学,Bing,X
西安电子科技大学,Bing,X
西安石油大学,Bing,X
安装包,Bing,X
西安欧亚学院教务处,Bing,X
西安外事学院,Bing,X
西安财经大学党委组织部,Bing,X
xapk怎么安装,Bing,X
西安交通大学邮箱,Bing,X
携程,Google,X
携程,Bing,X
携程机票,Google,X
携程网,Google,X
小丑回魂,Google,X
小丑回魂 欢迎来到德里镇,Google,X
小丑,Google,X
香菜,Google,X
香菜 英文,Google,X
徐才厚,Google,X
小程序,Google,X
喜茶,Google,X
下厨房,Google,X
许成钢,Google,X
熊出没,Google,X
熊出没,Bing,X
雪城大学,Google,X
携程旅行网,Bing,X
星辰影院在线观看免费,Bing,X
熊出没全集免费,Bing,X
新cg儿,Bing,X
星辰影视,Bing,X
携程ebooking,Bing,X
小城大事电视剧在线观看全集,Bing,X
熊出没之重启未来免费观看完整版,Bing,X
西班牙时间,Google,X
西班牙,Google,X
西班牙语,Google,X
星巴克,Google,X
西贝,Google,X
西北大学,Google,X
西北大学,Bing,X
象拔蚌,Google,X
小宝,Google,X
新榜,Google,X
西部世界,Google,X
杏鲍菇,Google,X
肖邦,Google,X
星布谷地,Google,X
小白菜,Google,X
仙本那,Google,X
xbox官网,Bing,X
xbox下载,Bing,X
西北农林科技大学,Bing,X
西北工业大学,Bing,X
xbox手柄,Bing,X
xbox手柄驱动,Bing,X
xbox下载助手,Bing,X
西伯利亚耳机驱动,Bing,X
xbox game bar下载,Bing,X
x登录,Google,X
x登录时出错,Google,X
新东方,Google,X
新东方,Bing,X
西地那非,Google,X
现代,Google,X
悉达多,Google,X
小岛秀夫,Google,X
徐冬冬,Google,X
薛定谔的猫,Google,X
薛定谔,Google,X
心动的信号,Google,X
熊黛林,Google,X
许达哲,Google,X
新道云,Bing,X
兄弟打印机官网,Bing,X
xdd直播间,Bing,X
心动的信号8免费观看,Bing,X
侠盗猎车手罪恶都市,Bing,X
心动小镇,Bing,X
兄弟打印机驱动,Bing,X
心动的信号第八季免费观看完整版,Bing,X
讯飞听见,Google,X
讯飞听见,Bing,X
讯飞输入法,Google,X
讯飞输入法,Bing,X
讯飞,Google,X
讯飞星火,Google,X
讯飞星火,Bing,X
雪佛兰,Google,X
幸福小串,Google,X
小飞机,Google,X
香夫人,Google,X
斜方肌,Google,X
咸丰,Google,X
雪弗兰,Google,X
小妇人,Google,X
徐帆,Google,X
谢菲尔德大学,Google,X
讯飞智文,Bing,X
消防职业技能鉴定考试网,Bing,X
小飞机网盘,Bing,X
刑法,Bing,X
宪法,Bing,X
xfltd养鸡场,Bing,X
小鬼当家,Google,X
香港,Google,X
香港理工大学,Google,X
香港理工大学,Bing,X
香港科技大学,Google,X
香港城市大学,Google,X
香港城市大学,Bing,X
香港天气,Google,X
香港浸会大学,Google,X
香港邮编,Google,X
小哥包子铺,Google,X
西瓜视频,Google,X
西瓜视频,Bing,X
西高地,Google,X
仙宫云,Google,X
香格里拉,Google,X
箱根,Google,X
许光汉,Google,X
西瓜视频网页版,Bing,X
香港大学,Bing,X
校管家,Bing,X
xgp会员,Bing,X
香港中文大学,Bing,X
xgk ahzsks cn官网,Bing,X
小鹅通,Google,X
小鹅通,Bing,X
小鹅通网页版,Google,X
小鹅通网页版,Bing,X
希尔顿,Google,X
希尔顿酒店,Google,X
形而上学,Google,X
形而上,Google,X
学而思,Google,X
学而思,Bing,X
学而不思则罔 思而不学则殆,Google,X
夏尔巴人,Google,X
小儿麻痹症,Google,X
西恩潘,Google,X
雪耳,Google,X
小额法庭,Google,X
肖恩,Google,X
谢尔顿,Google,X
小鹅通学员版,Bing,X
小鹅通学员版下载,Bing,X
小鹅通学员版官网,Bing,X
小鹅通网页版学员,Bing,X
邪恶冥刻,Bing,X
学而思网校,Bing,X
小鹅通官网,Bing,X
小红书电脑版,Google,X
小红书电脑版,Bing,X
小红书千帆,Google,X
小红书千帆,Bing,X
小红书下载,Google,X
小红书官网,Google,X
小紅書,Google,X
小黑盒,Google,X
小黑盒,Bing,X
新华社,Google,X
新华社,Bing,X
新华网,Google,X
向涵之,Google,X
向华强,Google,X
西湖大学,Google,X
小黄人,Google,X
小黑盒加速器pc,Bing,X
小黑课堂,Bing,X
小红书创作者中心,Bing,X
小红书专业号,Bing,X
x ip地址,Google,X
x ip属地,Google,X
笑 in english,Google,X
想 in english,Google,X
西 in english,Google,X
行 in english,Google,X
癬 in english,Google,X
心 in english,Google,X
xiaohongshu小红书,Bing,X
习近平,Google,X
习近平,Bing,X
习近平接班人,Google,X
习近平儿子,Google,X
习近平近况,Google,X
新加坡,Google,X
新加坡国立大学,Google,X
新疆,Google,X
徐景贤,Google,X
星际穿越,Google,X
心经,Google,X
薛剑,Google,X
许家印,Google,X
西甲,Google,X
西甲,Bing,X
玄鉴仙族,Google,X
小酒馆,Google,X
相机,Bing,X
新疆大学,Bing,X
新疆人事考试中心,Bing,X
新教育智能平台,Bing,X
新疆电子税务局,Bing,X
希冀,Bing,X
新疆农业大学,Bing,X
星际公民,Bing,X
迅捷aippt,Bing,X
星际战甲wiki,Bing,X
显卡天梯图,Google,X
显卡天梯图,Bing,X
显卡天梯,Google,X
显卡,Google,X
显卡驱动,Google,X
显卡驱动,Bing,X
薛凯琪,Google,X
许凯,Google,X
新凯来,Google,X
新凯来,Bing,X
星空联盟,Google,X
星空,Google,X
徐克,Google,X
许昆林,Google,X
侠客行,Google,X
夏枯草,Google,X
辛苦了 英文,Google,X
学科网登陆入口,Bing,X
学科网登陆入口官网,Bing,X
小恐龙跑酷,Bing,X
显卡驱动更新,Bing,X
学科网官网,Bing,X
小恐龙游戏,Bing,X
小客车指标调控管理信息系统,Bing,X
西来寺,Google,X
新浪邮箱,Google,X
新浪邮箱,Bing,X
新浪微博,Google,X
新浪微博,Bing,X
新浪财经,Google,X
新浪,Google,X
夏令时,Google,X
星流,Google,X
星露谷,Google,X
希腊,Google,X
叙利亚,Google,X
小洛熙,Google,X
暹罗猫,Google,X
星链,Google,X
迅雷云盘,Bing,X
迅雷下载,Bing,X
新浪网首页,Bing,X
小绿鲸,Bing,X
星露谷物语,Bing,X
xlookup函数的使用方法,Bing,X
xl上司第1季未增删,Bing,X
迅雷影音,Bing,X
星露谷物语wiki,Bing,X
小米,Google,X
小米,Bing,X
小米股票,Google,X
小米汽车,Google,X
小米su7,Google,X
小米商城,Google,X
小米粥,Google,X
喜马拉雅,Google,X
喜马拉雅,Bing,X
小满,Google,X
厦门航空,Google,X
寻梦环游记,Google,X
熊猫,Google,X
西门子,Google,X
荨麻疹,Google,X
xmol科学知识平台,Bing,X
xmind思维导图,Bing,X
秀米编辑器网页版,Bing,X
xmol学术平台,Bing,X
熊猫办公,Bing,X
小米官网,Bing,X
xmind网页版,Bing,X
香奈儿,Google,X
香奈儿包包,Google,X
香奈儿美国官网,Google,X
虚拟信用卡,Google,X
虚拟手机号,Google,X
虚拟卡,Google,X
虚拟号码,Google,X
虚拟机,Google,X
虚拟机,Bing,X
仙逆,Google,X
仙逆小说,Google,X
仙逆小说,Bing,X
新年2026,Google,X
新年,Google,X
悉尼大学,Google,X
雪纳瑞,Google,X
西南航空,Google,X
仙逆在线观看全集免费播放,Bing,X
西南大学,Bing,X
西南交通大学,Bing,X
西南石油大学,Bing,X
小鸟壁纸,Bing,X
虚拟内存,Bing,X
仙逆在线观看全集免费播放星辰,Bing,X
西南财经大学,Bing,X
西南大学官网,Bing,X
许你耀眼电视剧免费观看,Bing,X
西欧有哪些国家,Google,X
西欧,Google,X
西欧国家,Google,X
西欧地图,Google,X
西欧时间,Google,X
x o酱的做法,Google,X
新欧洲,Google,X
狎鸥亭白夜,Google,X
狎鸥亭怎么读,Google,X
下 onyomi,Google,X
细偶,Google,X
小欧盟,Google,X
xos系统,Bing,X
xor运算,Bing,X
xos系统官网,Bing,X
x平台,Google,X
新片场,Google,X
新片场,Bing,X
小鹏,Google,X
小鹏汽车,Google,X
小鹏汽车,Bing,X
小鹏p7,Google,X
小鹏机器人,Google,X
星盘,Google,X
星盘查询,Google,X
辛普森,Google,X
辛普森一家,Google,X
小苹果,Google,X
芯片,Google,X
雪平锅,Google,X
虾皮官网,Google,X
小苹果cf活动助手,Bing,X
息屏设置,Bing,X
小鹏mona m03,Bing,X
熄屏设置,Bing,X
xps分析,Bing,X
虾皮,Bing,X
雪球,Google,X
雪球,Bing,X
寻秦记,Google,X
寻秦记,Bing,X
寻秦记电影,Google,X
寻秦记电影,Bing,X
寻秦记电影版,Google,X
枭起青壤,Google,X
徐勤先,Google,X
许晴,Google,X
夏奇拉,Google,X
象棋,Google,X
象棋,Bing,X
许其亮,Google,X
小泉进次郎,Google,X
辛奇,Google,X
星期三,Google,X
星球大战,Google,X
星穹铁道,Google,X
星穹铁道官网,Bing,X
枭起青壤电视剧在线免费观看,Bing,X
星穹铁道云游戏,Bing,X
雪球网,Bing,X
象棋小游戏,Bing,X
喜鹊儿,Bing,X
枭起青壤在线观看,Bing,X
学术,Google,X
小说,Google,X
小说,Bing,X
小说网,Google,X
像素蛋糕,Google,X
像素蛋糕,Bing,X
学生认证,Google,X
肖申克的救赎,Google,X
休斯顿,Google,X
休斯顿天气,Google,X
新世纪福音战士,Google,X
新世界狂欢,Google,X
新世界,Google,X
享设计,Google,X
享设计,Bing,X
香水,Google,X
许氏花旗参,Google,X
许嵩,Google,X
新手盒子,Bing,X
xshell下载,Bing,X
小说阅读网免费小说,Bing,X
像素火影,Bing,X
向日葵远程,Google,X
向日葵远程,Bing,X
向日葵远程控制,Google,X
喜人奇妙夜,Google,X
喜人奇妙夜2,Google,X
喜人奇妙夜2,Bing,X
喜人奇妙夜第二季,Google,X
新荣记,Google,X
仙人掌,Google,X
夏日重现,Google,X
徐若晗,Google,X
徐若瑄,Google,X
陷入我们的热恋,Google,X
小人物之歌,Google,X
信任钱包,Google,X
向日葵官网首页,Bing,X
喜人奇妙夜第二季免费观看,Bing,X
向日葵远程控制软件,Bing,X
向日葵远程控制官网,Bing,X
xrd全称,Bing,X
陷入我们的热恋电视剧免费观看,Bing,X
向日葵官网下载,Bing,X
向日葵远程控制软件官网下载,Bing,X
稀土,Google,X
稀土英文,Google,X
稀土掘金,Google,X
谢霆锋,Google,X
西太后,Google,X
醒图,Google,X
醒图,Bing,X
希特勒,Google,X
血糖正常值,Google,X
星图,Google,X
星图,Bing,X
星塔旅人,Google,X
新台币 人民币,Google,X
新台币,Google,X
戏台,Google,X
系统之家,Bing,X
学堂在线,Bing,X
系统重装,Bing,X
湘潭大学,Bing,X
学兔兔,Bing,X
系统之家官网,Bing,X
x ui 面板,Google,X
x ui 搭建,Google,X
x ui 面板 安装 成功 但 无法 登录 管理 页面,Google,X
学信,Bing,X
xunlei迅雷,Bing,X
学习1,Bing,X
xue'xin学信网,Bing,X
xunity翻译,Bing,X
xu5设计软件库,Bing,X
学习学习通,Bing,X
xu5 cc设计软件库,Bing,X
xujcoj在线判题系统,Bing,X
x vpn 下载,Google,X
想 vs 要,Google,X
小 vs 少,Google,X
小 v 锅,Google,X
向 vs 往,Google,X
姓 vs 氏,Google,X
先 vs 前,Google,X
学 vs 学习,Google,X
像videos免翻,Bing,X
xv ideas免翻墙,Bing,X
小v猫,Bing,X
xv是数字几,Bing,X
像videos app,Bing,X
x网页版登录入口,Google,X
新闻,Google,X
新闻女王2,Google,X
新闻女王,Google,X
新闻联播,Google,X
新闻联播,Bing,X
许我耀眼,Google,X
夏威夷超市,Google,X
夏威夷时间,Google,X
夏威夷,Google,X
夏威夷果,Google,X
x无法登陆,Google,X
x 网页 版 免 登录,Google,X
小王子,Google,X
希望之声,Google,X
希沃白板5,Bing,X
许我耀眼电视剧在线观看,Bing,X
新闻周刊,Bing,X
许我耀眼电视剧免费观看,Bing,X
新闻联播直播 今天,Bing,X
许我耀眼电视剧在线观看免费,Bing,X
希沃白板5网页版,Bing,X
向往的生活第八季在线观看免费,Bing,X
许我耀眼电视剧在线观看全集免费,Bing,X
xwechat_files 是什么文件,Bing,X
x下载安装包,Google,X
x 下载 安卓 版 最新 版,Google,X
新西兰,Google,X
新秀丽,Google,X
小巷人家,Google,X
星星人,Google,X
谢谢,Google,X
小熊维尼,Google,X
小熊猫,Google,X
小小的我,Google,X
学习强国,Bing,X
学习通网页版登录入口,Bing,X
学信网登录入口官网,Bing,X
学习通电脑版下载,Bing,X
学习通用户登录,Bing,X
学信网学籍在线验证报告,Bing,X
小巷人家电视剧免费观看完整版,Bing,X
闲鱼,Google,X
闲鱼,Bing,X
咸鱼,Google,X
咸鱼,Bing,X
习远平,Google,X
希音,Google,X
小宇宙,Google,X
西雅图,Google,X
西雅图天气,Google,X
西游记,Google,X
西柚找词,Google,X
血压正常范围,Google,X
匈牙利,Google,X
西洋菜,Google,X
逍遥,Google,X
信用中国,Google,X
信用中国,Bing,X
信用卡,Google,X
小游戏,Bing,X
小游戏在线玩,Bing,X
迅游加速器,Bing,X
校友邦,Bing,X
小雅,Bing,X
闲鱼网页版,Bing,X
兴业银行,Bing,X
咸鱼网页版,Bing,X
星座,Google,X
星座时间,Google,X
现在就出发,Google,X
现在就出发3,Google,X
现在就出发第三季,Google,X
肖战,Google,X
习仲勋,Google,X
薛之谦,Google,X
薛之谦,Bing,X
西藏,Google,X
下载,Google,X
下载,Bing,X
卸载程序,Bing,X
现在就出发第三季在线观看免费,Bing,X
小猪秒玩,Bing,X
小猪秒玩小游戏,Bing,X
卸载软件,Bing,X
小猪佩奇,Bing,X
现在就出发第二季在线观看免费,Bing,X
下载软件,Bing,X
小猪佩奇动画片全集,Bing,X
现在就出发第三季免费观看,Bing,X
twitter下载,Google,Twitter
twitter下载,Bing,Twitter
twitter 网页 版,Google,Twitter
twitter 官网,Google,Twitter
twitter apk 下载,Google,Twitter
twitter video downloader,Google,Twitter
twitter video downloader,Bing,Twitter
twitter download,Google,Twitter
twitter download,Bing,Twitter
twitter app 下载,Google,Twitter
twitter 安卓 下载,Google,Twitter
twitter apk,Google,Twitter
twitter apk,Bing,Twitter
twitter账号购买,Google,Twitter
twitter账号购买,Bing,Twitter
twitter视频解析,Google,Twitter
twitter 网页 版 登录 入口,Google,Twitter
twitter注册,Google,Twitter
twitter注册,Bing,Twitter
twitter官网,Bing,Twitter
twitter网页版,Bing,Twitter
twitter视频下载,Bing,Twitter
twitter下载安卓,Bing,Twitter
twitter官网入口,Bing,Twitter
twitter官网下载,Bing,Twitter
twitter login,Google,Twitter
twitter login,Bing,Twitter
twitter viewer,Google,Twitter
twitter viewer,Bing,Twitter
twitter安装包,Google,Twitter
twitter安装包,Bing,Twitter
twitter api,Google,Twitter
twitter api,Bing,Twitter
twitter app,Google,Twitter
twitter app,Bing,Twitter
twitter 安卓 安装 包,Google,Twitter
twitter apk 安装 包,Google,Twitter
twitter apk download,Google,Twitter
twitter apk download,Bing,Twitter
twitter attestation denied,Google,Twitter
twitter attestation denied,Bing,Twitter
twitter ai,Google,Twitter
twitter ai,Bing,Twitter
twitter 安卓,Google,Twitter
twitter app download,Google,Twitter
twitter app download,Bing,Twitter
twitter apk安装包,Bing,Twitter
twitter app下载安卓,Bing,Twitter
twitter安卓下载,Bing,Twitter
twitter copy,Google,Twitter
twitter copy,Bing,Twitter
twitter 出错 了 请 稍 后 再 试,Google,Twitter
twitter查看器,Google,Twitter
twitter 存档,Google,Twitter
twitter创建账号,Google,Twitter
twitter 出错了。请尝试重新加载。,Google,Twitter
twitter careers,Google,Twitter
twitter careers,Bing,Twitter
twitter card validator,Google,Twitter
twitter card validator,Bing,Twitter
twitter 蔡慎坤,Google,Twitter
twitter card,Google,Twitter
twitter card,Bing,Twitter
twitter超过频率限制,Google,Twitter
twitter 查看 历史 推 文,Google,Twitter
twitter 存档 网站,Google,Twitter
twitter 登录,Google,Twitter
twitter登录不了,Google,Twitter
twitter的网站,Google,Twitter
twitter第三方,Google,Twitter
twitter developer,Google,Twitter
twitter developer,Bing,Twitter
twitter download apk,Google,Twitter
twitter download apk,Bing,Twitter
twitter打不开,Google,Twitter
twitter登录错误,Google,Twitter
twitter登不上去,Google,Twitter
twitter代码生成器,Google,Twitter
twitter第三方客户端,Google,Twitter
twitter bike,Google,Twitter
twitter bike,Bing,Twitter
twitter被冻结,Google,Twitter
twitter崩了,Google,Twitter
twitter被冻结了怎么办,Google,Twitter
twitter 抱歉 我们 无法 找到 你 的 账号,Google,Twitter
twitter被停用,Google,Twitter
twitter 崩溃,Google,Twitter
twitter被盗,Google,Twitter
twitter帮助中心,Google,Twitter
twitter 保存,Google,Twitter
twitter 被停权,Google,Twitter
twitter bird,Google,Twitter
twitter bird,Bing,Twitter
twitter blue,Google,Twitter
twitter blue,Bing,Twitter
twitter elon musk,Google,Twitter
twitter elon musk,Bing,Twitter
twitter explore,Google,Twitter
twitter explore,Bing,Twitter
twitter emoji,Google,Twitter
twitter emoji,Bing,Twitter
twitter elon,Google,Twitter
twitter elon,Bing,Twitter
twitter error,Google,Twitter
twitter error,Bing,Twitter
twitter二维码,Google,Twitter
twitter email,Google,Twitter
twitter email,Bing,Twitter
twitter id,Google,Twitter
twitter id,Bing,Twitter
twitter image search,Google,Twitter
twitter image search,Bing,Twitter
twitter icon,Google,Twitter
twitter icon,Bing,Twitter
twitter ip地址,Google,Twitter
twitter image downloader,Google,Twitter
twitter image downloader,Bing,Twitter
twitter instagram,Google,Twitter
twitter instagram,Bing,Twitter
twitter ipa,Google,Twitter
twitter ipa,Bing,Twitter
twitter install,Google,Twitter
twitter install,Bing,Twitter
twitter解析,Google,Twitter
twitter旧版本下载,Google,Twitter
twitter旧版本,Google,Twitter
twitter进不去,Google,Twitter
twitter旧版,Google,Twitter
twitter解析下载,Google,Twitter
twitter解除限制,Google,Twitter
twitter 旧 版本 ios,Google,Twitter
twitter解除敏感内容,Google,Twitter
twitter 进阶搜寻,Google,Twitter
twitter解封,Google,Twitter
twitter脚踏车,Google,Twitter
twitter记录,Google,Twitter
twitter 旧 版本 ipa,Google,Twitter
twitter 建立帐户,Google,Twitter
twitter加速器,Bing,Twitter
twitter镜像,Bing,Twitter
twitter镜像网站,Bing,Twitter
twitter加速器免费,Bing,Twitter
twitter 翻译,Google,Twitter
twitter for mac,Google,Twitter
twitter for mac,Bing,Twitter
twitter 分析 工具,Google,Twitter
twitter for android,Google,Twitter
twitter for android,Bing,Twitter
twitter 发生 错误 请 尝试 重新 载 入,Google,Twitter
twitter for windows,Google,Twitter
twitter for windows,Bing,Twitter
twitter 翻译 设定,Google,Twitter
twitter followers,Google,Twitter
twitter followers,Bing,Twitter
twitter forgot username,Google,Twitter
twitter forgot username,Bing,Twitter
twitter封号,Google,Twitter
twitter粉丝购买,Google,Twitter
twitter feed,Google,Twitter
twitter feed,Bing,Twitter
twitter 发生 错误 请 尝试 重新 载 入 ptt,Google,Twitter
twitter gif,Google,Twitter
twitter gif,Bing,Twitter
twitter官网网页,Google,Twitter
twitter gif下载,Google,Twitter
twitter github,Google,Twitter
twitter github,Bing,Twitter
twitter 高级搜索,Google,Twitter
twitter 官网 下载,Google,Twitter
twitter官方网站下载,Google,Twitter
twitter官方网,Google,Twitter
twitter 更新,Google,Twitter
twitter 股票,Google,Twitter
twitter 改名,Google,Twitter
twitter gif 下载器,Google,Twitter
twitter官网网址,Bing,Twitter
twitter官网入口网页版,Bing,Twitter
twitter logo,Google,Twitter
twitter logo,Bing,Twitter
twitter login error,Google,Twitter
twitter login error,Bing,Twitter
twitter login error attestation denied,Google,Twitter
twitter login error attestation denied,Bing,Twitter
twitter历史记录,Google,Twitter
twitter live,Google,Twitter
twitter live,Bing,Twitter
twitter 李老师不是你老师,Google,Twitter
twitter老版,Google,Twitter
twitter lite,Google,Twitter
twitter lite,Bing,Twitter
twitter 历史 快照,Google,Twitter
twitter历史镜像,Google,Twitter
twitter 立党,Google,Twitter
twitter 浏览历史,Google,Twitter
twitter 李老师,Google,Twitter
twitter开发者平台,Google,Twitter
twitter 客户 端 安卓,Google,Twitter
twitter 客户 端,Google,Twitter
twitter 空间 音频 下载,Google,Twitter
twitter客服,Google,Twitter
twitter快捷指令,Google,Twitter
twitter开发者账号,Google,Twitter
twitter可以看浏览记录吗,Google,Twitter
twitter 开发者,Google,Twitter
twitter 看 不 到 跟随 者,Google,Twitter
twitter 卡顿,Google,Twitter
twitter快照,Google,Twitter
twitter 开发 者 账号 购买,Google,Twitter
twitter 开源,Google,Twitter
twitter 卡卡的,Google,Twitter
twitter help center,Google,Twitter
twitter help center,Bing,Twitter
twitter history,Google,Twitter
twitter history,Bing,Twitter
twitter和x区别,Google,Twitter
twitter 会员,Google,Twitter
twitter help,Google,Twitter
twitter help,Bing,Twitter
twitter号购买,Google,Twitter
twitter handle,Google,Twitter
twitter handle,Bing,Twitter
twitter 灰色 画面,Google,Twitter
twitter和x,Google,Twitter
twitter和facebook的区别,Google,Twitter
twitter号,Google,Twitter
twitter画质设定,Google,Twitter
twitter handles 是什么,Bing,Twitter
twitter media downloader,Google,Twitter
twitter media downloader,Bing,Twitter
twitter mcp,Google,Twitter
twitter mcp,Bing,Twitter
twitter mirror,Google,Twitter
twitter mirror,Bing,Twitter
twitter买粉,Google,Twitter
twitter mac 下载,Google,Twitter
twitter mac 客户 端,Google,Twitter
twitter 敏感内容 自动显示,Google,Twitter
twitter敏感内容设定,Google,Twitter
twitter 媒体 下载,Google,Twitter
twitter 敏感内容无法显示,Google,Twitter
twitter 哪个 版本 好 用,Google,Twitter
twitter 你 的 帐户 已 遭 停 权,Google,Twitter
twitter年龄认证,Google,Twitter
twitter 你 的 帐户 已 被 永久 停 用,Google,Twitter
twitter年龄验证,Google,Twitter
twitter news,Google,Twitter
twitter news,Bing,Twitter
twitter年龄,Google,Twitter
twitter内容不可用,Google,Twitter
twitter 逆向,Google,Twitter
twitter内容搜索,Google,Twitter
twitter 内容警告,Google,Twitter
twitter 内田樹,Bing,Twitter
twitter去水印,Google,Twitter
twitter去广告,Google,Twitter
twitter 趋势 查询,Google,Twitter
twitter确认年龄,Google,Twitter
twitter 趋势,Google,Twitter
twitter 清除快取,Google,Twitter
twitter 取消别人追踪,Google,Twitter
twitter qr code,Google,Twitter
twitter qr code,Bing,Twitter
twitter取关小助手,Google,Twitter
twitter群发,Google,Twitter
twitter qr code 产生 器,Google,Twitter
twitter 趋势 日本,Google,Twitter
twitter 前身,Google,Twitter
twitter 晴夜,Bing,Twitter
twitter 清水潔,Bing,Twitter
twitter 芹澤優,Bing,Twitter
twitter online,Google,Twitter
twitter online,Bing,Twitter
twitter old version,Google,Twitter
twitter old version,Bing,Twitter
twitter official website,Google,Twitter
twitter official website,Bing,Twitter
twitter 爬虫,Google,Twitter
twitter piko,Google,Twitter
twitter piko,Bing,Twitter
twitter批量下载,Google,Twitter
twitter pc,Google,Twitter
twitter pc,Bing,Twitter
twitter 爬虫 github,Google,Twitter
twitter picker,Google,Twitter
twitter picker,Bing,Twitter
twitter 批量 取消 追踪,Google,Twitter
twitter profile viewer,Google,Twitter
twitter profile viewer,Bing,Twitter
twitter 跑很慢,Google,Twitter
twitter post,Google,Twitter
twitter post,Bing,Twitter
twitter pc版,Bing,Twitter
twitter pc 客户端 下载,Bing,Twitter
twitter视频下载器,Google,Twitter
twitter视频在线下载,Google,Twitter
twitter视频批量下载,Google,Twitter
twitter搜索,Google,Twitter
twitter search,Google,Twitter
twitter search,Bing,Twitter
twitter是什么,Google,Twitter
twitter是什么,Bing,Twitter
twitter 申诉 怎么 写,Google,Twitter
twitter视频获取,Google,Twitter
twitter视频提取,Google,Twitter
twitter视频图片下载,Google,Twitter
twitter是什么软件,Google,Twitter
twitter rss,Google,Twitter
twitter rss,Bing,Twitter
twitter 入口,Google,Twitter
twitter register,Google,Twitter
twitter register,Bing,Twitter
twitter软件下载,Google,Twitter
twitter如何查看浏览记录,Google,Twitter
twitter如何看敏感内容,Google,Twitter
twitter如何查看历史记录,Google,Twitter
twitter r10,Google,Twitter
twitter r10,Bing,Twitter
twitter rss订阅,Google,Twitter
twitter热搜,Google,Twitter
twitter软件,Google,Twitter
twitter认证,Google,Twitter
twitter reddit,Google,Twitter
twitter reddit,Bing,Twitter
twitter url,Google,Twitter
twitter url,Bing,Twitter
twitter username,Google,Twitter
twitter username,Bing,Twitter
twitter users,Google,Twitter
twitter users,Bing,Twitter
twitter uk,Google,Twitter
twitter uk,Bing,Twitter
twitter ui,Google,Twitter
twitter ui,Bing,Twitter
twitter trends,Google,Twitter
twitter trends,Bing,Twitter
twitter trump,Google,Twitter
twitter trump,Bing,Twitter
twitter图标,Google,Twitter
twitter 图片 批量 下载,Google,Twitter
twitter图片下载,Google,Twitter
twitter 特朗普,Google,Twitter
twitter thread,Google,Twitter
twitter thread,Bing,Twitter
twitter退市,Google,Twitter
twitter图片搜索,Google,Twitter
twitter推特,Google,Twitter
twitter 图片尺寸,Google,Twitter
twitter提取,Google,Twitter
twitter thread com t农牛🐮,Bing,Twitter
twitter thread体育生,Bing,Twitter
twitter 网页 版 中文,Google,Twitter
twitter无法登录,Google,Twitter
twitter 网页 版 入口,Google,Twitter
twitter忘记用户名,Google,Twitter
twitter 网页 版 注册,Google,Twitter
twitter 网页,Google,Twitter
twitter web,Google,Twitter
twitter web,Bing,Twitter
twitter 网页 版 进 不 去,Google,Twitter
twitter 网页 版 注册 入口,Google,Twitter
twitter 王志安,Google,Twitter
twitter无法访问,Google,Twitter
twitter 网页 版 手机,Google,Twitter
twitter 网页 版 登录,Google,Twitter
twitter网页版入口,Bing,Twitter
twitter 武田砂鉄,Bing,Twitter
twitter windows客户端,Bing,Twitter
twitter 下载 安卓,Google,Twitter
twitter 下载 apk,Google,Twitter
twitter下载视频,Google,Twitter
twitter下载视频,Bing,Twitter
twitter下载器,Google,Twitter
twitter下载工具,Google,Twitter
twitter x apk,Google,Twitter
twitter x apk,Bing,Twitter
twitter下载gif,Google,Twitter
twitter 下载 安卓 版,Google,Twitter
twitter 下载 windows,Google,Twitter
twitter下载影片,Google,Twitter
twitter x download,Google,Twitter
twitter x download,Bing,Twitter
twitter相册下载,Google,Twitter
twitter 显示ip,Google,Twitter
twitter 限流检测,Google,Twitter
twitter 小谷野敦,Bing,Twitter
twitter下载电脑版,Bing,Twitter
twitter下载apk,Bing,Twitter
twitter下载安卓版最新版,Bing,Twitter
twitter用户名忘记,Google,Twitter
twitter验证年龄,Google,Twitter
twitter用户名,Google,Twitter
twitter一直验证,Google,Twitter
twitter隐私设置,Google,Twitter
twitter一直验证真人,Google,Twitter
twitter 用户 名 查询,Google,Twitter
twitter 有些 不对劲 稍 后 再 尝试 你 的 请求,Google,Twitter
twitter 用户 名 验证 总 是 显示 错误,Google,Twitter
twitter 有 pc 端 吗,Google,Twitter
twitter验证真人,Google,Twitter
twitter 原 图 解析,Google,Twitter
twitter 永久 停 用 恢复,Google,Twitter
twitter 影片 下载 网页,Google,Twitter
twitter 原 图 下载,Google,Twitter
twitter 永井均,Bing,Twitter
twitter 勇気凛々,Bing,Twitter
twitter用户名忘了怎么办,Bing,Twitter
twitter 影片下載,Bing,Twitter
twitter 伊達さゆり,Bing,Twitter
twitter 账号,Google,Twitter
twitter中文,Google,Twitter
twitter账号注册,Google,Twitter
twitter账号注册,Bing,Twitter
twitter账号被冻结,Google,Twitter
twitter在线下载,Google,Twitter
twitter中文版,Google,Twitter
twitter在线,Google,Twitter
twitter最新版,Google,Twitter
twitter在线解析,Google,Twitter
twitter账号找回,Google,Twitter
twitter直播下载,Google,Twitter
twitter最新版本下载,Google,Twitter
twitter 佐々木敦,Bing,Twitter
twitter账号,Bing,Twitter
twitter 佐々木中,Bing,Twitter
twitter直播,Bing,Twitter
twitter 早川タダノリ,Bing,Twitter
twitter 中道あん,Bing,Twitter
twitter 宙星ぱる,Bing,Twitter
